stop_id,stop_name,lat,lon
120,RIVERMOOR ST @ INDUSTRIAL PA,42.27772469026549,-71.17939424778761
129,RIVERMOOR ST @ CHARLES PARK,42.27836035714286,-71.17537589285715
137,CHARLES PARK RD @ RIVERMOOR,42.278782931034485,-71.17548189655172
185,MATTAPAN NORTH BUSWAY,42.26771079220138,-71.09244868953603
334,ASHMONT BUSWAY,42.28399219350563,-71.0640079920477
381,BLUE HILL AVE @ WALES ST,42.29858779448622,-71.08681335839599
382,BLUE HILL AVE @ CHARLOTTE ST,42.30060226130653,-71.08596761306534
383,BLUE HILL AVE @ ELLINGTON ST,42.30275146929825,-71.08533300438597
384,BLUE HILL AVE @ PASADENA RD,42.30581796482412,-71.08443371859298
385,BLUE HILL AVE @ CASTLEGATE R,42.30752238693467,-71.08375783919597
386,WARREN ST @ SUNDERLAND ST,42.31046613065327,-71.08311218592965
387,WARREN ST @ INTERVALE ST,42.31208455,-71.08302842500001
388,WARREN ST @ GASTON ST,42.31350635678392,-71.08346716080402
390,WARREN ST @ QUINCY ST,42.3161984962406,-71.08288197994987
392,WARREN ST @ MAYWOOD ST,42.31813353383459,-71.0818930075188
393,WARREN ST @ WOODBINE ST,42.31994155,-71.081477775
394,WARREN ST @ WAVERLY ST,42.321516625,-71.081849475
395,WARREN ST @ WHITING ST,42.323856975,-71.08261284999999
396,WARREN ST @ MORELAND ST,42.325453399999994,-71.083069225
401,WARREN ST @ WALNUT AVE,42.32379059808613,-71.08278866028708
404,WARREN ST OPP WAVERLY ST,42.32150873205742,-71.08203944976077
405,WARREN ST OPP WOODBINE ST,42.31981899521531,-71.0816559569378
406,WARREN ST @ ML KING BLVD,42.31827179425837,-71.08204602870813
407,WARREN ST @ TOWNSEND ST,42.31611366028708,-71.08305873205742
410,WARREN ST @ WAUMBECK ST,42.31341612440191,-71.08357748803827
411,WARREN ST @ BRUNSWICK ST,42.31171397129186,-71.0830716507177
412,WARREN ST @ CRAWFORD ST,42.31035502392344,-71.08318889952153
413,BLUE HILL AVE @ WAYNE ST,42.30701492822966,-71.08425270334928
414,BLUE HILL AVE @ SEAVER ST,42.305564569377985,-71.08469916267943
415,BLUE HILL AVE @ FRANKLIN PAR,42.30304399521531,-71.08540440191388
416,BLUE HILL AVE OPP MCLELLAN S,42.30150509569378,-71.08590397129187
520,ARBORWAY @ COURTHOUSE,42.30134379310345,-71.10981844827586
522,CIRCUIT DR @ SHATTUCK HOSPIT,42.30138465517241,-71.10323844827586
533,DORCHESTER AVE @ GALLIVAN BL,42.28043693633952,-71.0657626392573
534,DORCHESTER AVE @ VAN WINKLE,42.281935997340426,-71.06534409574468
536,DORCHESTER AVE @ HURLCROFT A,42.282002500000004,-71.06535997297297
537,DORCHESTER AVE @ GALLIVAN BL,42.28040753701211,-71.06583115746972
547,ARBORWAY OPP COURTHOUSE,42.3013306060606,-71.10985454545455
569,DORCHESTER AVE @ VALLEY RD,42.278083734939756,-71.06651716198127
570,DORCHESTER AVE @ ST GREGORY,42.275556461748636,-71.06720603825136
571,DORCHESTER AVE @ WASHINGTON,42.27261325613079,-71.06836252043597
572,RIVER ST @ WICHITA TER,42.27215043360434,-71.07041376693768
574,RIVER ST @ CEDAR ST,42.271476197564276,-71.07485265223275
575,RIVER ST @ STANDARD ST,42.27178175693527,-71.07862742404228
576,RIVER ST OPP DUXBURY RD,42.27143733783784,-71.08086954054055
577,RIVER ST OPP LEAHAVEN RD,42.27130408906883,-71.08261012145749
578,RIVER ST @ NEWCROFT CIRCLE,42.27108614765101,-71.08440511409395
579,RIVER ST @ GLADESIDE AVE,42.27039228609626,-71.08742443850267
580,RIVER ST @ FREMONT ST,42.26986379679145,-71.08992417112299
583,RIVER ST OPP GLADESIDE AVE,42.27055908015769,-71.08682667542708
584,RIVER ST OPP NEWCROFT CIRCLE,42.27105228346457,-71.08450599737533
585,RIVER ST @ LEAHAVEN RD,42.27129952755906,-71.082376167979
586,RIVER ST @ MEADOWBANK AVE,42.27137325459318,-71.08130961942257
587,168 RIVER ST OPP STANDARD ST,42.27165569010417,-71.0787417578125
588,RIVER ST OPP CEDAR ST,42.271444583333334,-71.0747091015625
590,RIVER ST OPP WICHITA TER,42.27217203631647,-71.07043648508431
591,DORCHESTER AVE OPP ADIRONDAC,42.27313462351387,-71.0679626023778
593,DORCHESTER AVE OPP ST GREGOR,42.275653577127656,-71.067126875
594,OPP 2165 DORCHESTER AVE,42.27673344414894,-71.06681660904255
595,DORCHESTER AVE OPP VALLEY RD,42.278132793148885,-71.0664217654809
596,3867 WASHINGTON ST OPP TOLLG,42.29647597352894,-71.11755728751396
597,WASHINGTON ST @ LOCHDALE RD,42.29436554314883,-71.1197367682246
598,WASHINGTON ST @ ARCHDALE RD,42.29286268409308,-71.12133789129742
599,WASHINGTON ST @ MOSGROVE AVE,42.29163774147274,-71.12263406120498
600,WASHINGTON ST OPP GRANFIELD,42.29028182179793,-71.12408189817025
601,WASHINGTON ST @ SOUTH ST,42.28878908223318,-71.12569134563385
602,SOUTH ST @ TAFT HILL TERR,42.2870026776994,-71.12893895279436
603,WASHINGTON ST @ ALBANO ST,42.283289182361045,-71.13158464859899
604,WASHINGTON ST @ METROPOLITAN,42.28148715140359,-71.13341291302346
605,WASHINGTON ST @ CORNELL ST,42.27965557888422,-71.13547614877024
606,WASHINGTON ST @ WALWORTH ST,42.278467187312984,-71.13685234590065
607,WASHINGTON ST @ LISZT ST,42.27656740718563,-71.13909706586827
608,WASHINGTON ST @ W ROXBURY PK,42.275788761220824,-71.14006861160982
609,WASHINGTON ST @ LAGRANGE ST,42.27287796893668,-71.14385403823178
610,WASHINGTON ST @ COWING ST,42.27201123058543,-71.14496042413381
611,WASHINGTON ST @ MAPLEWOOD ST,42.26990603345281,-71.14759008363201
612,WASHINGTON ST @ HERON ST,42.26885922985075,-71.14879995820895
613,WASHINGTON ST @ WEYMOUTH AVE,42.26633006410257,-71.15171526556777
614,WASHINGTON ST @ ROCKINGHAM A,42.26402330283623,-71.15430736505031
615,WASHINGTON ST OPP DESOTO RD,42.26320238356165,-71.15523007305937
616,WASHINGTON ST @ GROVE ST,42.261093798767966,-71.15746120465435
618,WASHINGTON ST OPP ROCKLAND T,42.258459190751445,-71.16065701734104
619,WASHINGTON ST @ ROCKLAND TOW,42.25854040711009,-71.16029180619266
620,WASHINGTON ST @ BIRCHWOOD ST,42.25959853532453,-71.15906104537622
621,WASHINGTON ST @ GROVE ST,42.260947174688056,-71.15728346702316
622,WASHINGTON ST @ DESOTO RD,42.262706162065896,-71.15549082813892
623,WASHINGTON ST @ RIDGECREST D,42.26343059661621,-71.15469769367765
624,WASHINGTON ST @ WOODLEY AVE,42.26609283555556,-71.15172852444444
625,WASHINGTON ST @ W BOUNDARY R,42.267738798761606,-71.14976774613002
626,WASHINGTON ST OPP MAPLEWOOD,42.27025832610044,-71.1469277681339
627,WASHINGTON ST OPP COWING ST,42.271888707482994,-71.14487141001855
628,WASHINGTON ST @ ENNEKING PKW,42.27299367574257,-71.14346213490099
629,WASHINGTON ST OPP SCHUBERT S,42.27587484848485,-71.13980361781076
630,WASHINGTON ST @ BLUE LEDGE D,42.276652634176436,-71.13887455274522
631,WASHINGTON ST @ BEECH ST,42.27811178175092,-71.1371595191122
632,WASHINGTON ST @ CORNELL ST,42.27942672009864,-71.13564963625154
633,WASHINGTON ST @ METROPOLITAN,42.28127715958103,-71.13365439926064
634,WASHINGTON ST @ ALBANO ST,42.28335225237449,-71.13142300316599
635,WASHINGTON ST @ POPLAR ST,42.28546569620253,-71.1291500135624
636,WASHINGTON ST @ CUMMINS HWY,42.28674472529183,-71.12780098832684
637,WASHINGTON ST @ FIRTH RD,42.288799378794955,-71.12557494784369
638,WASHINGTON ST @ GRANFIELD AV,42.29010451200499,-71.12419062207671
639,WASHINGTON ST @ WHIPPLE AVE,42.29166722256858,-71.12253516832918
640,WASHINGTON ST @ ARCHDALE RD,42.29270759475901,-71.1214209327718
641,WASHINGTON ST @ ALDWIN RD,42.2945358118196,-71.11949271073095
642,WASHINGTON ST @ TOLLGATE WAY,42.296285456813216,-71.11768052853134
763,STIMSON ST @ WASHINGTON ST,42.26044563882064,-71.1589801965602
764,85 STIMSON ST,42.261229642857145,-71.1602996182266
765,2550 CENTRE ST,42.26323272727273,-71.16295459393939
766,2508 CENTRE ST,42.26459725728156,-71.16292095873787
767,CENTRE ST @ LINDEN RD,42.26604973300971,-71.16281964805826
768,CENTRE ST OPP NORTHDALE RD,42.26761126213593,-71.16250616504854
769,CENTRE ST OPP GLENHAVEN RD,42.27026015719468,-71.16187608222491
770,CENTRE ST @ WEDGEMERE RD,42.27185186440678,-71.16139061743341
771,CENTRE ST OPP ACACIA RD,42.27349238841978,-71.16067804583837
772,CENTRE ST OPP CASS ST,42.274717182587665,-71.16033185006046
773,CENTRE ST @ BOGANDALE RD,42.276317671068426,-71.16030386554621
774,SPRING ST @ CHARLES RIVER LO,42.27233010362694,-71.1716437478411
775,SPRING ST @ GOULD ST,42.27310479317137,-71.17074730137885
776,SPRING ST @ CYPRESS ST,42.27461939513478,-71.16869860618014
777,SPRING ST @ BAKER ST,42.27589010301109,-71.1668193977813
778,SPRING ST @ POWELL ST,42.27753487747035,-71.16277697233201
779,SPRING ST @ CENTRE ST,42.27818131329114,-71.16050354430381
780,CENTRE ST @ SAINT THERESA AV,42.2787504434907,-71.1595112732475
781,CENTRE ST @ LAGRANGE ST,42.28109596284387,-71.15809809217578
782,CENTRE ST @ BELLEVUE ST,42.28350648590796,-71.15699461291473
783,CENTRE ST @ PARK ST,42.28511639572192,-71.1561416684492
784,CENTRE ST @ COREY ST,42.28620084522111,-71.15463755349501
785,CENTRE ST @ WILLOW ST,42.28728394220478,-71.15242465929362
786,BELGRADE AVE @ CENTRE ST,42.28677546173194,-71.15005972332015
787,BELGRADE AVE @ WEST ROXBURY,42.28601778137361,-71.14748736425746
788,BELGRADE AVE @ IONA ST,42.286029086987774,-71.14512884974839
789,BELGRADE AVE @ REXHAME ST,42.28606686330936,-71.14298455395684
790,BELGRADE AVE @ ALDRICH ST,42.28614369424461,-71.13955794604317
791,BELGRADE AVE @ WALWORTH ST,42.286221088753145,-71.1373064067553
792,BELGRADE AVE @ PENFIELD ST,42.286295500538216,-71.13496442770003
793,BELGRADE AVE @ PINEHURST ST,42.28643475763016,-71.13276704847397
795,CORINTH ST @ COHASSET ST,42.2860535842486,-71.12946100187517
797,BELGRADE AVE @ ROBERT ST,42.28684621325361,-71.1306495515695
798,BELGRADE AVE OPP PINEHURST S,42.28647416452442,-71.1330584282042
799,BELGRADE AVE OPP PENFIELD ST,42.2863047246696,-71.13544689060205
800,BELGRADE AVE @ WALWORTH ST,42.286259650735296,-71.1377122867647
801,BELGRADE AVE OPP ALDRICH ST,42.28618296989721,-71.13973024963289
802,BELGRADE AVE OPP REXHAME ST,42.286111844517784,-71.14281491382471
803,BELGRADE AVE @ MCCRAW ST,42.28608334796926,-71.14504611050128
804,BELGRADE AVE @ WEST ROXBURY,42.286165089338894,-71.14835500297797
805,BELGRADE AVE @ CENTRE ST,42.28672660869565,-71.14992389440994
806,CENTRE ST @ WILLOW ST,42.2873888784029,-71.15245564428312
807,CENTRE ST @ COREY ST,42.2860593430127,-71.1550639600726
808,CENTRE ST OPP BELLEVUE ST,42.283962009413465,-71.15695875090515
810,CENTRE ST @ LAGRANGE ST,42.28057004354137,-71.15839531688438
812,SPRING ST @ TEMPLE ST,42.278406504389466,-71.16054072625698
813,SPRING ST OPP POWELL ST,42.27760071029529,-71.16282584197926
814,SPRING ST @ GARDNER ST,42.27683728651237,-71.16536309656823
815,SPRING ST @ BAKER ST,42.276052084664535,-71.16679924920128
816,SPRING ST @ MOVILLE ST,42.27461795918367,-71.16883538512178
817,SPRING ST @ VA HOSPITAL,42.27328729907774,-71.17068778656126
820,CHARLES RIVER LOOP,42.27194392344497,-71.1713471291866
821,CENTRE ST @ LORETTE ST,42.27906829539951,-71.15944770460048
822,CENTRE ST @ AUTUMN ST,42.276460958230956,-71.16033742014743
823,CENTRE ST @ CASS ST,42.27486001228501,-71.16036987714988
824,CENTRE ST @ BRONX RD,42.27329512915129,-71.16082233702338
825,CENTRE ST OPP WEDGEMERE RD,42.27197435960591,-71.16137439655172
826,CENTRE ST @ GLENHAVEN RD,42.2701789066339,-71.16184488943489
827,CENTRE ST @ NORTHDALE RD,42.26748401869159,-71.16264417445483
828,CENTRE ST @ FAIRLANE RD,42.26597748829953,-71.16287945397816
829,2519 CENTRE ST,42.26435183925811,-71.16293794435857
830,STIMSON ST @ CENTRE ST,42.26281124416796,-71.16275076205287
831,80 STIMSON ST,42.26120202492212,-71.16034878504672
832,STIMSON ST @ WASHINGTON ST,42.260060453125,-71.15906495312501
833,BAKER ST @ LASELL ST,42.28606970863683,-71.17034330905307
834,LASELL ST @ TEMPLE ST,42.2866872481203,-71.16963087218045
835,LASELL ST @ PERHAM ST,42.28724476047904,-71.16882002994012
836,LASELL ST OPP ATLANTIS ST,42.28804695783133,-71.16749635542168
837,LASELL ST @ LAGRANGE ST,42.28834538694992,-71.16642471927162
838,LAGRANGE ST @ VERMONT ST,42.28738293255132,-71.16531457478006
839,LAGRANGE ST @ BURARD ST,42.28576659942363,-71.16366497118155
840,LAGRANGE ST @ PENDER ST,42.28466344238976,-71.16254958748222
841,LAGRANGE ST @ VIRGIL RD,42.28361248579545,-71.16158348011363
842,LAGRANGE ST @ WESTMOUNT AVE,42.28248357954545,-71.16057811079546
843,LAGRANGE ST @ DENT ST,42.28171697142857,-71.15949982857143
845,LAGRANGE ST @ CENTRE ST,42.28112910791367,-71.1586169352518
846,LAGRANGE ST @ WESTMOUNT AVE,42.28263035971223,-71.16073469064749
847,LAGRANGE ST OPP VIRGIL RD,42.28392077586207,-71.16185497126436
848,LAGRANGE ST OPP PENDER ST,42.284731162123386,-71.16257715925394
849,LAGRANGE ST OPP BURARD ST,42.286065150645626,-71.16405717360115
850,LAGRANGE ST @ VERMONT ST,42.28690870317003,-71.16553403458214
851,VERMONT ST @ CARROLL ST,42.28631429378531,-71.16699306497175
852,VERMONT ST @ TEMPLE ST,42.28545774147727,-71.16834399147727
853,VERMONT ST @ BAKER ST,42.28474841726619,-71.16951962589928
875,FOREST HILLS STATION LOWER B,42.300620943804034,-71.11347147838617
882,DORCHESTER AVE @ RICHMOND ST,42.274126228419654,-71.06756802124833
883,DORCHESTER AVE @ RICHMOND ST,42.274050298913046,-71.0676580298913
900,WATER ST @ WATERTOWN YARD,42.36358345890411,-71.18547191780823
902,GALEN ST @ BOYD ST,42.36004799319728,-71.18541139455782
903,WASHINGTON ST @ BACON ST,42.35726886206896,-71.18561048275862
988,CENTRE ST @ JEFFERSON ST,42.35803087412587,-71.18465335664337
989,GALEN ST @ MAPLE ST,42.36003251748252,-71.18530024475524
992,GROVE ST OPP ALTAIR RD,42.264768728323695,-71.15847734104045
993,GROVE ST @ OVERLOOK RD,42.263130000000004,-71.15763919075145
999,GALEN ST @ WATER ST,42.36374261484099,-71.18577568904594
1128,SOUTH ST @ SEDGWICK ST,42.30868529331514,-71.11554643929058
1129,CENTRE ST @ SEAVERNS AVE,42.3122900729927,-71.11429656934307
1130,CENTRE ST @ SAINT JOHN ST,42.314334452554746,-71.11408788321168
1132,CENTRE ST OPP BEAUFORT RD,42.31659883211679,-71.1135808759124
1140,CENTRE ST @ HIGHLAND ST,42.3249530882353,-71.09762475490196
1141,CENTRE ST OPP NEW HEATH ST,42.32634276029056,-71.09647915254237
1142,CENTRE ST @ CEDAR ST,42.32779717391305,-71.09545811594204
1144,CENTRE ST @ HIGHLAND AVE,42.329592115384614,-71.09297192307692
1145,42A JOHN ELIOT SQ,42.329704916467776,-71.0907091646778
1147,DUDLEY ST @ GUILD ROW,42.32914179425837,-71.08625411483254
1148,MALCOLM X BLVD @ SHAWMUT AVE,42.32979354271357,-71.08619625628141
1149,205 ROXBURY ST,42.33012706030151,-71.09096278894472
1150,CENTRE ST @ GARDNER ST,42.32930065326633,-71.09405113065327
1151,CENTRE ST @ CEDAR ST,42.32776904522613,-71.09553384422111
1152,CENTRE ST @ NEW HEATH ST,42.32624831658291,-71.09652615577889
1153,CENTRE ST @ COLUMBUS AVE,42.32502706030151,-71.09761974874372
1154,HEATH ST @ BROMLEY ST,42.325471820512824,-71.09971782051282
1160,CENTRE ST @ MORAINE ST,42.319442711864404,-71.11200889830508
1161,CENTRE ST @ LOCHSTEAD AVE,42.31694830508475,-71.11342855932203
1164,CENTRE ST @ MYRTLE ST,42.31336576271187,-71.11417906779661
1315,HUNTINGTON AVE @ PARKER HILL,42.333003795620435,-71.10997364963504
1317,HUNTINGTON AVE OPP FENWOOD R,42.33355452554744,-71.10592562043796
1319,TREMONT ST OPP WIGGLESWORTH,42.33378394160584,-71.10380846715329
1325,HUMBOLDT AVE @ SEAVER ST,42.31045172413793,-71.09137448275862
1326,HUMBOLDT AVE @ HUTCHINGS ST,42.31130775862069,-71.09095413793104
1327,HUMBOLDT AVE @ HOMESTEAD ST,42.31198206896551,-71.09043396551725
1328,HUMBOLDT AVE @ CRAWFORD ST,42.31355482758621,-71.08917362068965
1330,HUMBOLDT AVE @ WAUMBECK ST,42.314523620689656,-71.08839155172413
1331,HUMBOLDT AVE @ WYOMING ST,42.31605862068965,-71.08713482758621
1332,HUMBOLDT AVE @ TOWNSEND ST,42.31680431034482,-71.08608568965518
1346,HUMBOLDT AVE @ TOWNSEND ST,42.316878791208794,-71.08601263736264
1350,HUMBOLDT AVE @ WAUMBECK ST,42.31465144329897,-71.08805773195876
1351,HUMBOLDT AVE @ CRAWFORD ST,42.31332847826087,-71.08925076086958
1352,HUMBOLDT AVE @ HOMESTEAD ST,42.31194391304348,-71.09031336956522
1353,HUMBOLDT AVE @ HUTCHINGS ST,42.31119846153846,-71.09080021978022
1354,HUMBOLDT AVE @ SEAVER ST,42.31012241758242,-71.090970989011
1363,HUNTINGTON AVE @ FENWOOD RD,42.33372299145299,-71.10595572649572
1365,835 HUNTINGTON AVE OPP PARKE,42.333141043478264,-71.10915417391304
1587,FRANKLIN PARK ZOO @ ENTRANCE,42.303219896907216,-71.08625525773196
1612,W BOUNDARY RD @ CEDARCREST R,42.262411175468486,-71.14656892674617
1613,W BOUNDARY RD @ OHRENBERGER,42.261121589743595,-71.14665986324786
1614,W BOUNDARY RD @ GEORGETOWNE,42.259200494880545,-71.14533032423208
1615,GEORGETOWNE DR @ MARGARETTA,42.258096264822136,-71.14494918972332
1616,MARGARETTA DR @ CROWN POINT,42.25680263366337,-71.14685283168318
1617,OPP 67 CROWN POINT DR,42.25810452,-71.14721952
1618,84 GEORGETOWNE PL,42.25485034136546,-71.14494268072289
1620,GEORGETOWNE DR OPP MARGARETT,42.25814832310839,-71.14487198364009
1621,W BOUNDARY RD @ GEORGETOWNE,42.259416652719665,-71.14546349372385
1623,W BOUNDARY RD @ CEDARCREST R,42.26242120901639,-71.14646692622951
1721,BLUE HILLS PKWY @ RIVER ST,42.26672342685371,-71.09356971442885
1739,SEAVER ST @ MAPLE ST,42.30691120689655,-71.087625
1740,SEAVER ST @ ELM HILL AVE,42.30796603448275,-71.08930051724138
1747,HEATH ST @ VA HOSPITAL,42.32822344578313,-71.1097278313253
1749,HEATH ST OPP HAYDEN ST,42.32634372315036,-71.10617181384248
1750,HEATH ST @ WALDEN ST,42.32618588807786,-71.10414051094891
1751,106 HEATH ST OPP BICKFORD AV,42.32627826829268,-71.10218212195122
1752,HEATH ST @ PARKER ST,42.32605330900243,-71.10061216545012
1753,34 HEATH ST OPP BROMLEY ST,42.325182536231885,-71.09952352657005
1755,HEATH ST @ WENSLEY ST,42.326097025641026,-71.10040517948718
1756,107 HEATH ST OPP BICKFORD AV,42.3263473657289,-71.101663657289
1757,177 HEATH ST OPP WALDEN ST,42.326166272040304,-71.10440670025189
1758,HEATH ST @ HAYDEN ST,42.32653879093199,-71.10652634760704
1760,HEATH ST OPP VA HOSPITAL,42.32793916030534,-71.10921745547074
1761,HEATH ST @ S HUNTINGTON AVE,42.32843030612245,-71.1102113265306
1836,INDEPENDENCE DR @ MARANVILLE,42.296555870736086,-71.15783678635547
1839,VFW PKWY @ COREY ST,42.29365229802514,-71.16127940754039
1840,310 COREY ST,42.292851364452424,-71.16151585278277
1841,COREY ST @ WELD ST,42.29180768402154,-71.16069052064631
1842,WELD ST @ RUSKIN ST,42.29172315978456,-71.15862403949731
1843,WELD ST @ MAPLE ST,42.29172510791367,-71.15755584532374
1844,WELD ST @ WILLOW ST,42.2923120967742,-71.15551277777777
1845,WELD ST @ MANTHORNE RD,42.29277745519713,-71.15437439068101
1846,WELD ST @ RUSSETT RD,42.2930049551167,-71.15233477558348
1847,WELD ST @ CHURCH ST,42.29322768402154,-71.14910845601436
1848,WELD ST @ PARKLAWN RD,42.29368700716846,-71.14658177419355
1849,WELD ST @ BURNSIDE AVE,42.29339807899461,-71.14459362657092
1850,WELD ST @ RAVENNA RD,42.29324089605735,-71.14289306451613
1851,WELD ST @ CERDAN AVE,42.29357363799283,-71.14023928315412
1852,WELD ST @ COLBY RD,42.29378666666666,-71.13886010752688
1853,WELD ST OPP WEDGEWOOD RD,42.29426082437276,-71.13646639784946
1856,170 WALTER ST,42.29373544802868,-71.13087614695341
1857,144 WALTER ST OPP MENDUM ST,42.292964262589926,-71.13064348920862
1860,WALTER ST @ HEWLETT ST,42.288937302158274,-71.13401384892087
1867,ROBERT ST @ BELGRADE AVE,42.28724296846011,-71.13165430426716
1871,WALTER ST @ MENDUM ST,42.293002449355434,-71.13057963167587
1872,OPP 174 WALTER ST,42.29402016605166,-71.13079518450185
1875,WELD ST @ WEDGEWOOD RD,42.29428091911765,-71.13665167279412
1876,WELD ST @ ALWARD RD,42.29381944649447,-71.1388128597786
1877,WELD ST @ MOREY ST,42.29355243093922,-71.14059427255985
1878,WELD ST @ GRETTER RD,42.29329250460405,-71.14347626151013
1879,WELD ST @ LANTERN LN,42.29332565619224,-71.14460576709797
1880,WELD ST @ PARKLAWN RD,42.2934549168207,-71.14669545286507
1881,WELD ST @ CHURCH ST,42.293223099631,-71.1491071402214
1882,WELD ST @ RUSSET RD,42.293053967093236,-71.15222063985374
1883,WELD ST @ MANTHORNE RD,42.29275064456722,-71.15441521178637
1884,WELD ST @ WILLOW ST,42.29227252302025,-71.15554084714549
1885,WELD ST @ MAPLE ST,42.29176117647059,-71.15734637867646
1886,WELD ST @ AVALON RD,42.2917470718232,-71.15851716390424
1887,WELD ST @ COREY ST,42.29185295539033,-71.16029767657992
1888,COREY ST @ VFW PKWY,42.29318557620818,-71.16186576208179
1890,INDEPENDENCE DR OPP MARANVIL,42.29676615664845,-71.1577129143898
1891,INDEPENDENCE DR @ THORNTON R,42.29822214936247,-71.15684156648452
1892,INDEPENDENCE DR OPP GERRY RD,42.299899745454546,-71.15533959999999
1893,GROVE ST @ RUSSET RD,42.30146101818182,-71.15350118181817
1895,GROVE ST @ SOUTH ST,42.30277792349727,-71.15187285974498
1900,CENTRE ST @ PEARL ST,42.35850313793104,-71.18511082758621
1936,SOUTH ST @ SPALDING ST,42.30367899598394,-71.11454663989291
1937,SOUTH ST @ CHILD ST,42.30652008141112,-71.11513731343284
1939,775 CENTRE ST,42.30963466101695,-71.11540305084746
1940,CENTRE ST @ ALDWORTH ST,42.308860650887574,-71.11869631656805
1941,CENTRE ST @ ORCHARD ST,42.30887794074074,-71.12024568888889
2002,CENTRE ST @ ARBORWAY,42.308757028231796,-71.11988818722139
2003,CENTRE ST @ BALLARD ST,42.308857548291236,-71.11816040118872
2006,SOUTH ST @ JAMAICA ST,42.30610771269177,-71.11502295676429
2007,SOUTH ST @ ST ROSE ST,42.30430418767507,-71.11468763305322
2783,RIVER ST @ HYDE PARK AVE,42.25570915113872,-71.12508316770186
2787,WEST ST @ GWINNETT ST,42.26276597269624,-71.124564112628
2788,243 WEST ST OPP MYOPIA RD,42.26423406143345,-71.12691696245733
2789,WEST ST @ DEFOREST ST,42.26560429059829,-71.12875283760684
2790,347 WEST ST,42.26688679180887,-71.13011052901024
2791,403 WEST ST,42.268559300341295,-71.13136808873719
2792,POPLAR ST @ DEFOREST ST,42.270905853242326,-71.13186866894198
2793,544 POPLAR ST,42.27222344709897,-71.13119356655291
2794,POPLAR ST @ BEECH ST,42.2734112585034,-71.12965707482994
2795,POPLAR ST OPP CORNELL ST,42.27454868824532,-71.12791693356048
2796,POPLAR ST @ METROPOLITAN AVE,42.27583841296928,-71.12627254266212
2797,METROPOLITAN AVE @ HILBURN S,42.277381326530616,-71.1272156462585
2798,154 METROPOLITAN AVE OPP MAL,42.27883485519592,-71.12908730834754
2800,METROPOLITAN AVE @ KITTREDGE,42.2802230834753,-71.13157708688246
2801,METROPOLITAN AVE @ KITTREDGE,42.28000119760479,-71.13132275449101
2803,METROPOLITAN AVE @ MALVERNA,42.278852774451096,-71.12914429141716
2804,METROPOLITAN AVE @ HIGHFIELD,42.27761246520875,-71.1275721471173
2805,POPLAR ST @ METROPOLITAN AVE,42.2758137972167,-71.12628624254472
2806,POPLAR ST @ CORNELL ST,42.27462846307385,-71.12783241516966
2807,POPLAR ST @ BEECH ST,42.27333191616766,-71.12986708582835
2808,529 POPLAR ST,42.27212668662675,-71.13132445109781
2809,575 POPLAR ST OPP DEFOREST S,42.27086807157058,-71.13184779324055
2810,POPLAR ST @ WEST ST - GEORGE,42.2685443452381,-71.1314514484127
2811,338 WEST ST,42.26685934653465,-71.13009687128714
2812,WEST ST OPP DEFOREST ST,42.2654797420635,-71.12864652777779
2813,WEST ST @ MYOPIA RD,42.26403950592886,-71.12676324110673
2814,WEST ST @ SUMMER ST,42.262848534653465,-71.124812990099
2818,OPP 1344 HYDE PARK AVE - BLA,42.25159045012166,-71.12552413017032
2819,HYDE PARK AVE @ PINGREE ST,42.25470555844832,-71.1243791720906
2922,GLEN LN @ BLUE HILL AVE - FR,42.30207534482759,-71.0871324137931
5210,PARK ST @ SAVILLE ST,42.28043955665025,-71.14791044334976
5211,PARK ST OPP GERTRUDE RD,42.28147881270903,-71.14902466555183
5212,230 PARK ST OPP GILMORE TERR,42.28257671592775,-71.15005622331691
5213,ANAWAN AVE @ ALLENWOOD ST,42.28374800324675,-71.14926230519481
5214,ANAWAN AVE @ W ROXBURY PKWY,42.284850499194846,-71.14873692431561
5217,CENTRE ST @ SOUTH ST,42.28842520300752,-71.14411142857143
5218,CENTRE ST @ GUERNSEY ST,42.28935058646617,-71.14208936842105
5219,CENTRE ST @ BRADFIELD AVE,42.29033571428572,-71.14083995488721
5220,CENTRE ST @ FLETCHER ST,42.2912392481203,-71.1397662255639
5221,CENTRE ST @ HEWLETT ST,42.292292027027024,-71.13850732732733
5222,CENTRE ST @ ARDALE ST,42.29330321804511,-71.13729031578947
5223,CENTRE ST @ WELD ST,42.29429002998501,-71.1360604197901
5224,CENTRE ST OPP BUCHANAN RD,42.29585033033033,-71.13406334834835
5225,1200 CENTRE ST OPP VFW PKWY,42.29700971514243,-71.13225115442279
5226,CENTRE ST @ WALTER ST,42.29849281669151,-71.12960859910581
5227,CENTRE ST OPP FAULKNER HOSPI,42.30074862891207,-71.12718742175856
5228,CENTRE ST @ WESTCHESTER RD,42.302951721068254,-71.12535897626113
5229,CENTRE ST OPP RAMBLER RD,42.30449803571429,-71.12462431547618
5230,CENTRE ST OPP LOUDERS LN,42.30640108308605,-71.12376146884273
5231,CENTRE ST @ ARBORWAY ROTARY,42.30784442793462,-71.12265098068352
5241,CENTRE ST @ HILLCROFT RD,42.30812776957164,-71.12275082717873
5243,CENTRE ST @ RAMBLER RD,42.304205988200586,-71.12490147492625
5244,CENTRE ST @ WESTCHESTER RD,42.302666056129986,-71.12569819793205
5245,CENTRE ST @ FAULKNER HOSPITA,42.30099328908555,-71.12712345132744
5246,CENTRE ST OPP WALTER ST,42.298466887905604,-71.12988932153392
5247,CENTRE ST @ VFW PKWY,42.29718899705015,-71.13216656342183
5248,CENTRE ST @ BUCHANAN RD,42.29598843657817,-71.13399656342183
5249,CENTRE ST @ WELD ST,42.294180324483776,-71.13632255162241
5250,1437 CENTRE ST OPP ARDALE ST,42.29342945427729,-71.13723735988201
5251,1467 CENTRE ST OPP HEWLETT S,42.29236342182891,-71.13850678466076
5252,CENTRE ST @ FLETCHER ST,42.29136935198822,-71.13969481590574
5253,1539 CENTRE ST OPP BRADFIELD,42.29020827687776,-71.14106796759941
5254,CENTRE ST @ MONTCLAIR AVE,42.28935016200295,-71.14223434462446
5255,CENTRE ST @ CHURCH ST,42.288156170839464,-71.1449890574374
5256,CENTRE ST @ W ROXBURY PKWY,42.287556411764704,-71.1468378382353
5257,W ROXBURY PKWY @ BEECH ST,42.2854617611026,-71.14798980091884
5258,ANAWAN AVE @ W ROXBURY PKWY,42.28475572530864,-71.14830317901234
5259,101 ANAWAN AVE OPP ALLENWOOD,42.28366093990755,-71.14923747303544
5260,PARK ST @ GILMORE TERR,42.28215919876733,-71.15024801232666
5261,PARK ST @ GERTRUDE RD,42.28083747303544,-71.14861778120185
5262,PARK ST @ WOODARD RD,42.27951265432098,-71.14709467592593
5263,WOODARD RD @ WREN ST,42.27899751962324,-71.14838083202511
6022,POPLAR ST @ SOUTH ST,42.28644021803766,-71.12879617443012
6357,RIVER ST @ WAY ST,42.25623893841167,-71.12063286061588
6359,RIVER ST @ WEST ST,42.25882282747604,-71.11778805111821
6360,RIVER ST @ METROPOLITAN AVE,42.26030133119487,-71.1157738011227
6361,900 RIVER ST,42.26175049114332,-71.11041954911433
6362,RIVER ST OPP WOOD AVE,42.262759583666934,-71.10804892714171
6364,RIVER ST @ WACHUSETT ST,42.26364483534137,-71.10223266666667
6365,RIVER ST @ MATTAKEESET ST,42.26476105854049,-71.09970456295109
6366,RIVER ST @ BLUE HILL AVE,42.26714407852564,-71.09466289262821
6368,RIVER ST @ CUMMINGS HWY,42.26734,-71.09454618592528
6369,RIVER ST @ CATON ST,42.26493664347826,-71.0995399652174
6371,RIVER ST OPP MASSASOIT ST,42.263823137424374,-71.10172372515126
6372,RIVER ST @ TILESTON ST,42.26352595872743,-71.10555321582116
6373,RIVER ST @ WOOD AVE,42.26238013710368,-71.10879012853471
6374,RIVER ST @ REDDY AVE,42.261699726027395,-71.11089232020548
6375,RIVER ST @ HUNTINGTON AVE,42.26112908468777,-71.11347933276305
6376,RIVER ST @ METROPOLITAN AVE,42.260457387616626,-71.1155703562341
6377,RIVER ST @ WEST ST,42.258842992392225,-71.11793881656804
6390,RIVER ST OPP WAY ST,42.2559830152027,-71.12112429054055
6392,BEACON ST @ FAIRMOUNT AVE,42.25278238030096,-71.11781909712722
6393,BEACON ST @ ALBION ST,42.25396201949861,-71.11553506963789
6394,BEACON ST @ METROPOLITAN AVE,42.25529892906815,-71.11280773296245
6396,METROPOLITAN AVE @ HIGHLAND,42.253956526610644,-71.11102833333334
6397,SUMMIT ST @ METROPOLITAN AVE,42.25218853727145,-71.10976444444445
6398,SUMMIT ST @ MILTON AVE,42.251113126760565,-71.11150847887325
6399,MILTON AVE @ HIGHLAND ST,42.2521678561354,-71.1133938787024
6400,HIGHLAND ST @ ALBION ST,42.252013479490806,-71.11434816124469
6401,HIGHLAND ST @ FAIRMOUNT AVE,42.25074110169491,-71.11656724576271
6402,17 POND ST,42.249659576271185,-71.11695802259887
6403,WILLIAMS ST @ SUMMIT ST,42.24824898448519,-71.11690712270804
6405,WASHINGTON ST @ DANA AVE,42.246704690140845,-71.11889976056338
6406,WASHINGTON ST @ GARFIELD AVE,42.24591079096045,-71.1203170338983
6407,WASHINGTON ST @ CHITTICK RD,42.24543802538787,-71.12114772919605
6408,WASHINGTON ST @ WOODGLEN RD,42.244644469589815,-71.12254326732673
6409,WASHINGTON ST @ FARADAY ST,42.24410857549857,-71.12349323361823
6410,WASHINGTON ST @ NEEDHAM RD,42.24362307030129,-71.12438440459111
6411,TRUMAN HWY @ WAKEFIELD AVE,42.24318110258199,-71.12612443824145
6413,TRUMAN HWY @ TYLER ST,42.247029999999995,-71.12505987967914
6415,TRUMAN HWY @ CHITTICK RD,42.248419373333334,-71.12387089333333
6417,TRUMAN HWY @ DANA AVE,42.249707583892615,-71.12256491275167
6418,TRUMAN HWY @ WILLIAMS AVE,42.25160081902246,-71.11969887714663
6419,FAIRMOUNT AVE @ TRUMAN HWY,42.25297773076923,-71.1189396025641
6428,CUMMINS HWY @ WASHINGTON ST,42.286181082390954,-71.12787626817448
6430,CUMMINS HWY @ SYCAMORE ST,42.28437242570281,-71.12520440963856
6431,93 CUMMINS HWY OPP SHERWOOD,42.282984,-71.12389844176707
6432,CUMMINS HWY @ BROWN AVE,42.281914189406095,-71.12256795345105
6433,CUMMINS HWY @ ROWE ST,42.28048035284683,-71.12026868484362
6459,CUMMINS HWY @ HYDE PARK AVE,42.279862974828376,-71.11867022883295
6460,CUMMINS HWY @ ROWE ST,42.28067132455461,-71.12050281177382
6461,CUMMINS HWY @ BROWN AVE,42.2820948372093,-71.12271836434108
6462,CUMMINS HWY @ SHERWOOD ST,42.28299149728471,-71.12375415826222
6463,CUMMINS HWY @ SYCAMORE ST,42.28436188811189,-71.12511808080808
6464,CUMMINS HWY @ FLORENCE ST,42.285004186046514,-71.1259207751938
6466,HYDE PARK AVE @ CLAY ST,42.257960047858944,-71.12355040554156
6467,HYDE PARK AVE @ HARVARD AVE,42.25996646243066,-71.12298546646495
6468,HYDE PARK AVE @ WEST ST,42.26164612721894,-71.12212245562131
6470,HYDE PARK AVE @ WESTMINSTER,42.26431688869153,-71.12128911782119
6471,HYDE PARK AVE @ THATCHER ST,42.266141106508876,-71.12100812130177
6472,942 HYDE PARK AVE,42.26748340734162,-71.12087769390172
6473,HYDE PARK AVE @ COLLINS STRE,42.270585577264654,-71.1204403285968
6474,HYDE PARK AVE @ AMERICAN LEG,42.27293807742955,-71.1200243797735
6476,HYDE PARK AVE @ RAMSDELL AVE,42.27702619010005,-71.1194402317009
6478,HYDE PARK AVE @ CUMMINS HWY,42.28024365788695,-71.11882799644866
6479,512 HYDE PARK AVE,42.28291570032574,-71.11885551376962
6480,HYDE PARK AVE @ MT HOPE ST,42.28511770278271,-71.11878404973358
6495,HYDE PARK AVE OPP WALK HILL,42.29646607174361,-71.11601864451632
6496,HYDE PARK AVE @ CUMMINS HWY,42.27959606060606,-71.11911436204147
6498,HYDE PARK AVE OPP RAMSDELL A,42.27652586188579,-71.11964552988049
6500,HYDE PARK AVE OPP AMERICAN L,42.27319076616121,-71.12014095238095
6502,HYDE PARK AVE @ WILLOW AVE,42.26785323154462,-71.12097448858583
6504,HYDE PARK AVE @ GREENWOOD AV,42.26562494515268,-71.1211805069671
6505,HYDE PARK AVE @ WESTMINSTER,42.26416966775437,-71.12141401661228
6507,HYDE PARK AVE @ WEST ST,42.26141909840289,-71.12239479134466
6508,HYDE PARK AVE OPP WEBSTER ST,42.258993555269925,-71.12338109511568
6509,HYDE PARK AVE @ WINTHROP ST,42.25690300746077,-71.12390125289427
6512,RIVER ST @ ERNEST AVE,42.24301113564669,-71.14314949526815
6513,RIVER ST @ VALLARO RD,42.24332022012579,-71.14035059748427
6514,RIVER ST @ NORTON ST,42.24394448275862,-71.1384597492163
6515,RIVER ST @ NEPONSET VALLEY P,42.24499349056604,-71.13678644654088
6516,TURTLE POND PKWY @ FAIRVIEW,42.24685326180257,-71.13673639484979
6517,TURTLE POND PKWY @ BAJKO RIN,42.24903715203426,-71.1387418843683
6519,TURTLE POND PKWY @ ALWIN ST,42.25378700214133,-71.13881646680943
6522,DEDHAM PKWY @ GEORGETOWNE DR,42.25589760460251,-71.14326753138076
6523,ALWIN ST @ DEDHAM PKWY,42.254334490384615,-71.142866375
6524,ALWIN ST @ LEIGHTON RD,42.25379433653846,-71.14179501923077
6526,ALWIN ST @ TURTLE POND PKWY,42.253982859884836,-71.1397342706334
6527,272 RESERVATION RD OPP BRAIN,42.25418009157509,-71.13385835164836
6528,RESERVATION RD @ THOMPSON ST,42.25366744525547,-71.13233412408759
6529,RESERVATION RD @ RIVER ST,42.252617231329694,-71.1309268306011
6530,RIVER ST @ ADAMS ST,42.253303164128596,-71.12978671742809
6531,RIVER ST @ RADFORD PL,42.254854476351355,-71.12779222972972
6570,S HUNTINGTON AVE @ PERKINS S,42.321916350364965,-71.11205321167884
6571,S HUNTINGTON AVE @ BYNNER ST,42.32368481751825,-71.11213124087591
6573,S HUNTINGTON AVE @ VA HOSPIT,42.32669481751825,-71.11138751824818
6575,S HUNTINGTON AVE @ HUNTINGTO,42.33155321167883,-71.11171072992701
8328,1 W MILTON ST OPP ERNEST AVE,42.24065651041666,-71.14305083333333
8329,49 W MILTON ST OPP W MILTON,42.239793229166665,-71.14038026041666
8330,113 W MILTON ST OPP PINE AVE,42.23899742105263,-71.13808078947369
8331,READVILLE ST @ W MILTON ST,42.23856594736842,-71.13588710526315
8332,READVILLE ST OPP COMO RD,42.240133263157894,-71.13562578947368
8333,READVILLE ST @ ALBERMARLE ST,42.2426727368421,-71.1343437368421
8335,NEPONSET VALLEY PARKWAY @ RE,42.244052234042556,-71.13445382978723
8337,RIVER ST OPP TURTLE POND PKW,42.24658363636364,-71.13578136363637
8343,OPP 1557 RIVER ST,42.249089772727274,-71.1315284090909
8344,RIVER ST @ RESERVATION RD,42.25183477272727,-71.13067636363637
8390,BAKER ST OPP WYCLIFF AVE,42.276490172413794,-71.16729013793103
8391,BAKER ST OPP DUNWELL ST,42.27787090277778,-71.16709208333333
8392,BAKER ST @ CUTTER RD,42.280555605536335,-71.16803944636678
8393,BAKER ST @ RUMFORD RD,42.282354152249134,-71.16894228373702
8394,BAKER ST @ VARICK RD,42.28372372413793,-71.1695328275862
8473,BAKER ST @ VFW PKWY,42.28857824137931,-71.17201986206896
8474,SPIERS RD @ JUNE LN,42.294121172413796,-71.17932286206896
8476,SAWMILL BROOK PKWY @ MCCARTH,42.29233795847751,-71.18393176470587
8477,SAWMILL BROOK PKWY @ KELLER,42.29126844290657,-71.18572269896194
8478,SAWMILL BROOK PKWY @ SPIERS,42.290453564013845,-71.18798719723183
8480,WISWALL RD @ WALSH RD,42.291315625,-71.19186086805556
8481,WISWALL RD @ CHINIAN PATH,42.29269225694444,-71.19079177083333
8482,WISWALL RD @ SHUMAKER PATH,42.29415131487889,-71.18931152249135
8483,WISWALL RD @ MCCARTHY RD,42.29624979238755,-71.1866447750865
8484,WISWALL RD @ INDIAN RIDGE RD,42.29739024137931,-71.18590413793103
8485,WISWALL RD @ DEDHAM ST,42.29819337931035,-71.18600337931035
8486,DEDHAM ST OPP WISWALL RD,42.298799206896554,-71.18643148275862
8489,DEDHAM ST @ ROSALIE RD,42.30226027586207,-71.1903567586207
8490,DEDHAM ST @ ARNOLD ST,42.303023172413795,-71.19130327586207
8491,DEDHAM ST @ GREENWOOD ST,42.303604,-71.1920011724138
8492,DEDHAM ST @ MEADOWBROOK RD,42.30524451724138,-71.1933635862069
8495,PARKER ST @ WHEELER RD,42.31252351724138,-71.19574606896552
8496,PARKER ST @ ROOSEVELT RD,42.313941655172414,-71.19565365517242
8497,PARKER ST @ HAGEN RD,42.3163315862069,-71.19500558620689
8498,288 PARKER ST OPP PARKER AVE,42.317547,-71.19470693103449
8499,PARKER ST @ BOYLSTON ST,42.3193665862069,-71.19435620689656
8500,200 PARKER ST OPP STEARNS ST,42.32087968965517,-71.1941902413793
8501,PARKER ST @ GLENWOOD AVE,42.322744620689654,-71.19404282758622
8502,PARKER ST @ CYPRESS ST,42.3266408650519,-71.19401916955017
8503,CYPRESS ST @ BRAELAND AVE,42.328123910034606,-71.1943730449827
8504,CENTRE ST @ BEACON ST,42.32959169550173,-71.19479799307959
8505,CENTRE ST @ LANGLEY RD,42.33142276816609,-71.1944974048443
8506,CENTRE ST @ GIBBS ST,42.33385010380623,-71.19353892733564
8507,CENTRE ST @ COMMONWEALTH AVE,42.33565605536332,-71.19330640138408
8508,CENTRE ST @ WARD ST,42.33843685121107,-71.19296169550174
8509,CENTRE ST @ ALDERWOOD RD,42.34074892733564,-71.19241820069205
8510,CENTRE ST @ COTTON ST,42.34166868512111,-71.19188951557094
8511,790 CENTRE ST,42.34505155709343,-71.18996944636679
8512,CENTRE ST @ SARGENT ST,42.34677456747405,-71.18909595155709
8513,CENTRE ST @ GEORGE ST,42.34834186851211,-71.18796044982699
8514,CENTRE ST @ HYDE AVE,42.34970193771626,-71.18696204152249
8515,CENTRE ST @ NEWTONVILLE AVE,42.35160816608997,-71.18623297577854
8516,CENTRE ST @ CHURCH ST,42.35421622837371,-71.18627955017301
8517,CENTRE ST @ CHURCH ST,42.35431389655172,-71.18644003448276
8518,CENTRE ST @ NEWTONVILLE AVE,42.35171844827586,-71.1861805862069
8519,CENTRE ST @ BELLEVUE ST,42.34973624137931,-71.1870055862069
8520,CENTRE ST @ LOMBARD ST,42.34804679310344,-71.1882045862069
8521,CENTRE ST @ CABOT ST,42.34676510344827,-71.18911055172414
8522,785 CENTRE ST,42.34494251724138,-71.19006768965518
8523,CENTRE ST @ COTTON ST,42.341532896551726,-71.19201017241379
8524,CENTRE ST @ MILL ST,42.3404891724138,-71.19250658620689
8525,CENTRE ST @ WARD ST,42.337893448275864,-71.19307079310344
8526,CENTRE ST @ COMMONWEALTH AVE,42.33560848275862,-71.19334044827586
8527,CENTRE ST @ BOWEN ST,42.33353355172414,-71.19366965517241
8528,CENTRE ST @ BEACON ST,42.32965913793104,-71.19493113793102
8529,CYPRESS ST @ BRAELAND AVE,42.32814679310345,-71.19442768965517
8530,PARKER ST @ CYPRESS ST,42.32661617241379,-71.1940878275862
8531,PARKER ST @ ATHELSTANE RD,42.322383482758624,-71.19410768965517
8532,PARKER ST @ STEARNS ST,42.320721862068964,-71.1942452413793
8533,PARKER ST @ BOYLSTON ST,42.319400344827585,-71.1943935862069
8534,PARKER ST @ PARKER AVE,42.317566896551725,-71.19473400000001
8535,PARKER ST @ HAGEN RD,42.316233206896555,-71.19506737931034
8536,PARKER ST @ PARKER RD,42.313994310344825,-71.19577775862068
8537,PARKER ST OPP WHEELER RD,42.31210613793104,-71.19596296551724
8540,DEDHAM ST OPP MEADOWBROOK RD,42.3051814137931,-71.19294631034484
8541,DEDHAM ST OPP GREENWOOD ST,42.30359148275862,-71.19197096551724
8542,DEDHAM ST OPP ARNOLD RD,42.30290158620689,-71.19129093103449
8544,DEDHAM ST @ CARLSON AVE,42.29912055172414,-71.1867662413793
8545,DEDHAM ST @ WISWALL RD,42.29801748275862,-71.185541
8546,WISWALL RD @ INDIAN RIDGE RD,42.29730591065292,-71.18559453608248
8547,WISWALL RD OPP MCCARTHY RD,42.2960821724138,-71.18695727586207
8548,WISWALL RD @ O ROADWAY,42.29443010380623,-71.18903031141869
8549,WISWALL RD @ M ROADWAY,42.29299512110727,-71.19049844290657
8550,WISWALL RD @ WALSH RD,42.291232941176474,-71.19176878892733
8552,SAWMILL BROOK PKWY @ WALSH R,42.29009647058823,-71.19083010380623
8553,SAWMILL BROOK PKWY @ KELLER,42.29123861591696,-71.18574235294118
8554,SAWMILL BROOK PKWY @ MCCARTH,42.292413633218,-71.183780449827
8556,SPIERS RD @ DEDHAM ST,42.294277758620694,-71.17911965517241
8940,RIVER ST @ PERKINS AVE,42.25491807770961,-71.12806981595092
8941,RIVER ST @ WINSLOW ST,42.25303717791411,-71.1302109815951
8942,RESERVATION RD @ RIVER ST,42.25256302013423,-71.13122458612976
8943,229 RESERVATION RD OPP THOMP,42.25367849438202,-71.13251314606741
8944,RESERVATION RD @ BRAINARD ST,42.254249288888886,-71.13399146666666
8946,ALWIN ST @ STONEHILL RD,42.25392284768212,-71.14017690949227
8947,ALWIN ST OPP LEIGHTON RD,42.253893348214284,-71.14188752232143
8948,ALWIN ST @ DEDHAM PKWY,42.254783273942095,-71.14302320712694
8949,DEDHAM PKWY OPP GEORGETOWNE,42.25554389755011,-71.14300113585746
8952,TURTLE POND PKWY @ ALWIN ST,42.253143112582784,-71.13906741721854
8954,TURTLE POND PKWY OPP BAJKO R,42.248971601731604,-71.13862744588744
8955,TURTLE POND PKWY @ FAIRVIEW,42.24678137634408,-71.13679152688172
8959,READVILLE ST @ NORTON ST,42.24196933544304,-71.13452753164556
8960,READVILLE ST @ COMO RD,42.24011012578617,-71.1354901572327
8961,READVILLE ST @ W MILTON ST,42.23856764705883,-71.13597003267974
8962,W MILTON ST @ PINE AVE,42.239152091503264,-71.13847274509804
8963,W MILTON ST @ W MILTON PL,42.239781761006284,-71.1404146226415
8964,W MILTON ST @ ERNEST AVE,42.24090702194358,-71.14377865203761
8970,RIVER ST OPP NEPONSET VALLEY,42.244772010309276,-71.1372169072165
8971,1799 RIVER ST OPP NORTON ST,42.243892164948456,-71.13856958762887
8973,RIVER ST OPP VALLARO RD,42.243335670103086,-71.1403374742268
8975,RIVER ST @ SOLARIS RD,42.24292634020619,-71.14359324742267
9448,SEAVER ST @ BLUE HILL AVE,42.30545620689655,-71.08560396551725
10417,AMERICAN LEGION HWY @ BLUE H,42.29821064593302,-71.08764466507178
10418,AMERICAN LEGION HWY OPP FRAN,42.2957687529976,-71.09242352517985
10419,AMERICAN LEGION HWY @ CANTER,42.28593978417266,-71.10980717026379
10421,AMERICAN LEGION HWY @ WALK H,42.287371558753,-71.10737098321343
10422,OPP 684 AMERICAN LEGION HWY,42.284435851318946,-71.11215911270983
10423,AMERICAN LEGION HWY @ STELLA,42.280755659472426,-71.11608335731415
10424,AMERICAN LEGION HWY @ CUMMIN,42.27852381294964,-71.1165112470024
10425,OPP 950 AMERICAN LEGION HWY,42.274678441247005,-71.11665424460432
10427,AMERICAN LEGION HWY OPP KING,42.29323084134615,-71.09460060096154
10522,CIRCUIT DR @ GLEN LN,42.30462224137931,-71.0945903448276
10569,2165 DORCHESTER AVE,42.27664091152815,-71.06701012064343
10582,RIVER ST OPP FREMONT ST,42.269819868766405,-71.09006800524935
10603,WASHINGTON ST @ DURNELL AVE,42.28221508302583,-71.13271785516605
10612,WASHINGTON ST OPP W BOUNDARY,42.26752954170486,-71.15036782768104
10618,WASHINGTON ST @ SUMNER ST,42.256411704217214,-71.16319477758522
10625,WASHINGTON ST OPP HERON ST,42.26883370807454,-71.14860213664596
10633,WASHINGTON ST @ ROSECLIFF ST,42.28210450022614,-71.13272180913614
10642,FOREST HILLS STATION UPPER B,42.2996201344239,-71.11447009601707
10768,CENTRE ST @ GROVE ST,42.2689621007371,-71.1620214987715
10769,CENTRE ST @ GROVE ST,42.26895269744836,-71.16202845686513
10777,SPRING ST @ CASS ST,42.27714031620553,-71.16425368379447
10820,VETERANS HOSPITAL WEST ROXBU,42.275175120307985,-71.17200355149181
10821,CHARLES PARK RD @ VFW PKWY,42.27686133903134,-71.17316831908832
10830,17 CHARLES PARK RD,42.27762370689655,-71.17412390804597
10833,DEDHAM MALL @ STOP & SHOP,42.25864727600555,-71.16855838834951
10835,DEDHAM MALL @ SOUTH SIDE,42.25391790141676,-71.17038367768595
10923,CUMMINS HWY @ WOOD AVE,42.2740102677532,-71.10894934807916
11131,CENTRE ST @ ROSEWAY ST,42.31903357664233,-71.11208751824817
11164,CENTRE ST @ BURROUGHS ST,42.31168737288136,-71.1145243220339
11531,JACKSON SQUARE BUSWAY,42.32311865,-71.0995607
11545,LEE ST @ BOYLSTON ST,42.325914548736456,-71.14045741877257
11587,CIRCUIT DR @ GLEN LN,42.30487010309278,-71.09481144329897
11613,W BOUNDARY RD @ WASHINGTON S,42.26735158974359,-71.14947635897435
11618,GEORGETOWNE DR @ GEORGETOWNE,42.255558357256774,-71.14369236044658
11780,AVE LOUIS PASTEUR @ LONGWOOD,42.33808926356589,-71.10243728682171
11812,SPRING ST @ SPRING ST APARTM,42.2779758499601,-71.1615712689545
11835,CHESTNUT HILL AVE OPP BUCKMI,42.33211444846293,-71.14673690777578
11836,145 GROVE ST OPP BELLINGHAM,42.30420379061372,-71.15038590252708
11837,GROVE ST @ SOUTH ST,42.30282086486486,-71.15208234234235
11839,COREY ST @ LAGRANGE ST,42.29999575757576,-71.16914696969697
11845,CHESTNUT HILL AVE @ ACKERS A,42.330050831826405,-71.14577358047016
11860,ROBERT ST @ BELGRADE AVE,42.28728481081081,-71.13209203603604
11868,5 WALTER ST OPP HEWLETT ST,42.28907187384045,-71.13392499072357
11917,CHESTNUT HILL AVE @ BUCKMINS,42.332399727767694,-71.14684050816696
11939,CENTRE ST @ ELIOT ST,42.309423357988166,-71.116155295858
12789,WEST ST @ LODGE HILL RD,42.26504827350428,-71.12804588034189
12812,WEST ST OPP LODGE HILL RD,42.26484263888889,-71.12782382936508
15216,CENTRE @ COLBERT ST,42.28781284386617,-71.14592050185874
15241,CENTRE ST @ LOUDERS LN,42.30628093057607,-71.12405573116692
16358,RIVER ST @ WALTER ST,42.2575321636953,-71.11939000000001
16360,RIVER ST @ MAIDA TERR,42.261128611556984,-71.11321848314607
16364,RIVER ST @ HOLMFIELD AVE,42.2641927996782,-71.10085320997587
16365,RIVER ST @ TESLA ST,42.26637242570281,-71.09713451405622
16369,RIVER ST @ VIOLANTE ST,42.26638008665511,-71.09718642114385
16391,FAIRMOUNT AVE OPP PIERCE ST,42.25470356948229,-71.1200941825613
16403,SUMMIT ST @ NEPONSET AVE,42.24747844192635,-71.11761245042493
16434,CUMMINS HWY @ AMERICAN LEGIO,42.27846803259604,-71.11602501746216
16458,CUMMINS HWY @ FAIRWAY ST,42.26831273137697,-71.09517521444695
16459,CUMMINS HWY @ REGIS RD,42.26960116438356,-71.09695114155251
16466,HYDE PARK AVE @ MILTON ST,42.23956379258366,-71.13188699427194
16479,HYDE PARK AVE @ FLORIAN ST,42.286701975746816,-71.11857572315883
16498,HYDE PARK AVE @ METROPOLITAN,42.27057832591273,-71.12057506975364
16500,950 AMERICAN LEGION HWY,42.27459356410256,-71.11645964102564
17391,SEAVER ST OPP MAPLE ST,42.30669434343434,-71.08744111111112
17401,SEAVER ST OPP ELM HILL AVE,42.30772210526316,-71.0891892631579
17411,SEAVER ST OPP HUMBOLDT AVE,42.3091334065934,-71.09077197802198
18487,770 DEDHAM ST,42.299633689655174,-71.18741596551725
18542,DEDHAM ST OPP ROSALIE RD,42.30218806896552,-71.19038727586207
18581,WALTER ST OPP ASHFIELD ST,42.291164586330936,-71.13189402877697
18691,WALTER ST @ ASHFIELD ST,42.2910291697417,-71.13213108856088
18974,RIVER ST @ MILTON ST,42.24239786163522,-71.14640174528303
18975,RIVER ST @ MILTON ST,42.242468567708336,-71.14644666666668
19031,400 CENTRE ST WEST,42.35605743944637,-71.1850355017301
21151,WARREN ST @ KEARSARGE AVE,42.32722082706766,-71.08314152882205
21365,S HUNTINGTON AVE @ HUNTINGTO,42.33127102564102,-71.11131666666667
21587,CIRCUIT DR OPP SHATTUCK HOSP,42.30120275510204,-71.10332663265307
21835,CHESTNUT HILL AVE @ ELIOT ST,42.32702506306306,-71.1431245045045
21839,COREY ST @ MARLIN RD,42.29454555555556,-71.16468555555555
21916,GROVE ST @ BELLINGHAM ST,42.30407712204008,-71.15031564663023
21918,RESERVOIR BUSWAY BERTH 2,42.334944142599284,-71.14883405234657
22365,105 S HUNTINGTON AVE,42.329318135593226,-71.11114025423728
22818,HYDE PARK AVE @ RESERVATION,42.24639863318113,-71.12865862100456
22819,HYDE PARK AVE @ GLENWOOD AVE,42.24842195923334,-71.12713996349255
22821,1587 HYDE PARK AVE,42.24498393118149,-71.12937452801462
24619,WASHINGTON ST @ INCINERATOR,42.25383953271028,-71.16647794392523
26434,CUMMINS HWY OPP CALVARY CEME,42.27747773892774,-71.11464011655012
26459,CUMMINS HWY @ BROCKTON ST,42.27032381443299,-71.09938868270332
26466,1344 HYDE PARK AVE @ BLAKE E,42.251670953537804,-71.1254333009414
26467,1664 HYDE PARK AVE,42.242110916262135,-71.13053998786408
26495,HYDE PARK AVE OPP ELDRIDGE R,42.292573761495106,-71.11779323939484
26500,AMERICAN LEGION HWY @ CUMMIN,42.27848792307692,-71.11619464102564
26531,RIVER ST @ HYDE PARK AVE,42.25568151006711,-71.12454253355705
31365,S HUNTINGTON AVE OPP VA HOSP,42.32659512605042,-71.11142957983193
31835,LEE ST OPP DUDLEY WAY,42.324490976491866,-71.13851401446655
31836,INDEPENDENCE DR @ BEVERLY RD,42.30106926126126,-71.15414643243243
31839,COREY ST OPP MOUNT BENEDICT,42.29707388888889,-71.16786444444443
31916,GROVE ST @ ALLENDALE RD,42.30581758181818,-71.14785123636364
32818,1661 HYDE PARK AVE,42.24190752204317,-71.13066602006688
36434,CUMMINS HWY @ PLEASANTVIEW S,42.2750177972028,-71.11037663170163
36459,CUMMINS HWY @ HALLOWELL ST,42.270659588100685,-71.10163414187643
36466,HYDE PARK AVE @ OAK ST,42.25504291571174,-71.12417662083016
36479,HYDE PARK AVE @ SOUTHBOURNE,42.28977603728914,-71.11812448949394
36495,HYDE PARK AVE @ DELLMORE RD,42.29023588898783,-71.11821616503413
36500,AMERICAN LEGION HWY @ STELLA,42.28078943877551,-71.11590770408164
40001,WARREN ST @ DABNEY PL,42.32563705741627,-71.08329437799044
41835,LEE ST @ WARREN ST,42.32232576086957,-71.13865304347827
41836,INDEPENDENCE DR @ GERRY RD,42.300011387387386,-71.1553314054054
41839,LAGRANGE ST @ BROOKFARM RD,42.290990666666666,-71.16867
41916,NEWTON ST @ GROVE ST,42.30811141560799,-71.14551168784028
42818,HYDE PARK AVE @ MILTON ST,42.23967714590314,-71.13174031982942
42819,HYDE PARK AVE @ WOLCOTT SQUA,42.23754941943308,-71.13256875549493
42820,NEPONSET VALLEY PKWY @ WESTI,42.24371690909091,-71.13261872727273
46434,CUMMINS HWY @ HEBRON ST,42.2727533411215,-71.10769252336449
46435,CUMMINS HWY @ GREENFIELD RD,42.27162660443407,-71.10615752625438
46459,CUMMINS HWY @ SAVANNAH AVE,42.27107763428571,-71.10355196571429
46467,1600 HYDE PARK AVE,42.24508171794091,-71.12929384709108
46495,HYDE PARK AVE OPP FLORIAN ST,42.28675091286307,-71.11874843805572
51365,S HUNTINGTON AVE @ BYNNER ST,42.32375881355932,-71.11217474576272
51835,LEE ST @ SEARS RD,42.318428967391306,-71.14091545289855
51836,INDEPENDENCE DR @ SHERMAN RD,42.29817921146953,-71.15697575268818
51839,LAGRANGE ST @ ANDERER LN,42.293683333333334,-71.17045066666667
51917,CLYDE ST @ WHITNEY ST,42.31137876363636,-71.14260998181818
51918,CLYDE ST @ COUNTRY RD,42.31455556363637,-71.1420467090909
56434,CUMMINS HWY @ RUGBY RD,42.27092503504672,-71.10305793224299
56459,CUMMINS HWY @ ALABAMA ST,42.27174342857143,-71.10623196571429
56479,HYDE PARK AVE @ ELDRIDGE RD,42.29229164744159,-71.11770188997338
56495,HYDE PARK AVE OPP MT HOPE ST,42.28473292820971,-71.11896221626452
56500,686 AMERICAN LEGION HWY,42.28362458227848,-71.1129978227848
56567,1532 HYDE PARK AVE OPP RESER,42.24654582012195,-71.12847735060976
61365,S HUNTINGTON AVE @ PERKINS S,42.322241864406784,-71.11210389830508
61835,CLYDE ST OPP COUNTRY RD,42.31424678700361,-71.14229057761733
61872,WASHINGTON ST @ OAK ST,42.257489005747125,-71.16161964942529
61916,LEE ST @ SEARS RD,42.318270381125224,-71.14076012704174
63621,RIVER ST @ AGNES AVE,42.26338775543041,-71.10601029766693
64000,NUBIAN STATION,42.329425728274174,-71.0839458506732
64001,HIGHLAND ST @ WARREN AVE,42.251479153737655,-71.11562087447109
64171,TRUMAN HWY @ MOUNTFAIR TERR,42.250926248331105,-71.12074951935915
65741,100 S HUNTINGTON AVE,42.32935919708029,-71.1109702189781
66434,CUMMINS HWY @ HARMON ST,42.270628770491804,-71.10162225995316
66459,CUMMINS HWY @ HEBRON ST,42.27272576,-71.10760987428571
66460,CUMMINS HWY @ LIVERMORE ST,42.273465707762554,-71.10834894977168
66500,AMERICAN LEGION HWY @ WALK H,42.28785106329114,-71.1062460506329
67120,MILLENNIUM PARK,42.280684066317626,-71.17639701570681
70618,272 WASHINGTON ST,42.25099896551724,-71.16918842364532
71618,38 WASHINGTON ST OPP SUMNER,42.25632938505748,-71.16309377011494
71835,CLYDE ST OPP WHITNEY ST,42.31135427289049,-71.14273384201077
71916,LEE ST OPP WARREN ST,42.32241593466425,-71.1382086569873
71917,LEE ST @ DUDLEY WAY,42.32429404718693,-71.13807183303085
74618,WASHINGTON ST OPP EASTBROOK,42.254705926139636,-71.16569233121754
75467,HYDE PARK AVE @ GLENWOOD AVE,42.24886550667476,-71.12682154126213
76378,RIVER ST @ WEBSTER ST,42.257286539763115,-71.11990807952623
76434,CUMMINS HWY @ BISMARK ST,42.270281627906975,-71.09940608139534
76459,CUMMINS HWY @ HARVARD ST,42.27446035509736,-71.10937364261169
76479,HYDE PARK AVE @ WALK HILL ST,42.296328331864906,-71.11593719530103
76495,515 HYDE PARK AVE,42.282554373698304,-71.11897219577506
76500,AMERICAN LEGION HWY @ KINGBI,42.29318869017632,-71.09438785894206
81835,GROVE ST OPP ALLANDALE RD,42.305947063063066,-71.14792972972974
81916,LEE ST @ BOYLSTON ST,42.32599681818182,-71.1405872
81917,CHESTNUT HILL AVE @ CHANNING,42.32694257246377,-71.14289195652174
84741,FREDETTE RD @ SPIERS RD,42.29313034602076,-71.18130688581316
84791,SAWMILL BROOK PKWY @ WALSH R,42.290186388888884,-71.190884375
84921,WHEELER RD @ MEADOWBROOK RD,42.30958299295775,-71.19213190140846
85371,WHEELER RD @ MEADOWBROOK RD,42.30925327586207,-71.19191544827586
85511,SAWMILL BROOK PKWY @ SPIERS,42.290422629757785,-71.1878847750865
85551,FREDETTE RD @ SPIERS RD,42.29324120689655,-71.18139296551725
85562,BAKER ST @ VFW PKWY,42.28821379310345,-71.17186051724138
85563,BAKER ST @ VFW PKWY,42.28729144827586,-71.1713593448276
85564,BAKER ST @ CAPITAL ST,42.28587989655173,-71.17061793103449
85565,BAKER ST OPP VARICK RD,42.28383613793103,-71.16964710344828
85566,BAKER ST @ AMESBURY ST,42.28208079310345,-71.16886444827585
85567,BAKER ST @ CUTTER RD,42.28051044827586,-71.16808762068965
85568,BAKER ST @ DUNWELL ST,42.277782724137936,-71.16712606896552
85569,BAKER ST @ WYCLIFF AVE,42.27652257839721,-71.16739209059233
86434,CUMMINS HWY @ ROSEWOOD ST,42.26933535506403,-71.09676130384167
86458,CUMMINS HWY @ CALVARY CEMETE,42.27755601142857,-71.11464010285714
86459,CUMMINS HWY OPP PLEASANTVIEW,42.275064118993136,-71.11034156750571
86500,AMERICAN LEGION HWY @ FRANKL,42.29565176322418,-71.09231750629723
89410,RIVER ST @ RESERVATION RD,42.25196048780488,-71.1304443902439
89411,RIVER ST @ CHURCH ST,42.248863658536585,-71.13185829268294
89412,OPPOSITE 1608 RIVER ST,42.2477887804878,-71.13333658536585
89413,NEPONSET VALLEY PARKWAY @ RE,42.243844984326024,-71.1339988401254
89414,RIVER ST @ TURTLE POND PKWY,42.246517,-71.13559649999999
91391,HUNTINGTON AVE @ LONGWOOD AV,42.336115,-71.10018103448274
91835,NEWTON ST @ GROVE ST,42.30807985559567,-71.14571474729242
91916,CHESTNUT HILL AVE OPP ACKERS,42.33009613430127,-71.14578558983666
92391,677 HUNTINGTON AVE,42.335313793103445,-71.10207318965517
96434,CUMMINS HWY @ RIVER ST,42.26783786961583,-71.09478150174621
96459,CUMMINS HWY @ AMERICAN LEGIO,42.27864558352403,-71.1161452173913
96500,AMERICAN LEGION HWY @ CANTER,42.285540987341776,-71.11012136708861
99832,245 WASHINGTON ST,42.25110741784037,-71.16980328638498
99991,SOUTH ST @ BARDWELL ST,42.308230178861784,-71.11567840650407
